question,tags
https://stackoverflow.com/questions/46519919,<tensorflow><torque>
https://stackoverflow.com/questions/52198119,<python><tensorflow>
https://stackoverflow.com/questions/53401319,<pytorch>
https://stackoverflow.com/questions/54808519,<python><performance><tensorflow><machine-learning><deep-learning>
https://stackoverflow.com/questions/68283519,<tensorflow><keras><multi-gpu>
https://stackoverflow.com/questions/45548535,<python><tensorflow>
https://stackoverflow.com/questions/50892535,<python><python-3.x><tensorflow>
https://stackoverflow.com/questions/51345535,<python><machine-learning><keras><convolution><multilabel-classification>
https://stackoverflow.com/questions/55993735,<tensorflow>
https://stackoverflow.com/questions/57849535,<python><gpu><pytorch>
https://stackoverflow.com/questions/60733154,<tensorflow><deep-learning><distributed-computing><tensorflow2.x>
https://stackoverflow.com/questions/68949954,<parallel-processing><pytorch><distributed>
https://stackoverflow.com/questions/43151775,<neural-network><keras><conv-neural-network><keras-layer>
https://stackoverflow.com/questions/45099375,<python><machine-learning><tensorflow><deep-learning><mnist>
https://stackoverflow.com/questions/50075175,<python><tensorflow><merge><keras><lstm>
https://stackoverflow.com/questions/54688975,<python><tensorflow><multi-gpu>
https://stackoverflow.com/questions/68073175,<python><tensorflow><keras><loss-function>
https://stackoverflow.com/questions/54470415,<tensorflow><deep-learning><gpu>
https://stackoverflow.com/questions/58730615,<python><keras>
https://stackoverflow.com/questions/68418215,<python><r><tensorflow><keras>
https://stackoverflow.com/questions/45276616,<python><tensorflow><google-cloud-ml><tensorflow-estimator>
https://stackoverflow.com/questions/47976616,<python><tensorflow><deep-learning><distributed-computing><batch-normalization>
https://stackoverflow.com/questions/56441216,<python><multithreading><keras><multiprocessing><thread-safety>
https://stackoverflow.com/questions/60896416,<python><tensorflow><keras>
https://stackoverflow.com/questions/33722235,<machine-learning><neural-network><tensorflow><conv-neural-network>
https://stackoverflow.com/questions/39567835,<tensorflow>
https://stackoverflow.com/questions/43076035,<python><tensorflow>
https://stackoverflow.com/questions/43147435,<python><asynchronous><tensorflow><neural-network><distributed>
https://stackoverflow.com/questions/54658435,<graph><keras><conv-neural-network><tensorboard>
https://stackoverflow.com/questions/58271635,<python><python-3.x><pytorch><distributed-computing>
https://stackoverflow.com/questions/42374401,<tensorflow><keras>
https://stackoverflow.com/questions/60775401,<tensorflow><keras><deep-learning><neural-network>
https://stackoverflow.com/questions/60905801,<python><numpy><tensorflow><multiprocessing><eager-execution>
https://stackoverflow.com/questions/40090943,<tensorflow>
https://stackoverflow.com/questions/40531543,<tensorflow><google-cloud-ml>
https://stackoverflow.com/questions/48442743,<python><tensorflow><distributed-computing><grpc>
https://stackoverflow.com/questions/48453143,<python><tensorflow><machine-learning><neural-network><keras>
https://stackoverflow.com/questions/62985943,<deep-learning><pytorch><transfer-learning>
https://stackoverflow.com/questions/64752343,<python-3.x><pytorch><python-multiprocessing><python-logging>
https://stackoverflow.com/questions/69643143,<tensorflow><keras>
https://stackoverflow.com/questions/41543687,<python><machine-learning><tensorflow><deep-learning><tf-slim>
https://stackoverflow.com/questions/46880887,<python><numpy><tensorflow><keras><lstm>
https://stackoverflow.com/questions/47580287,<python><tensorflow>
https://stackoverflow.com/questions/55828687,<deep-learning><pytorch>
https://stackoverflow.com/questions/63605487,<python><tensorflow><parallel-processing><cluster-computing><grpc>
https://stackoverflow.com/questions/66408487,<tensorflow><keras><tensorflow2.0><tf.keras>
https://stackoverflow.com/questions/48081052,<python-3.x><numpy><keras><keras-layer>
https://stackoverflow.com/questions/53686052,<python><lstm><pytorch>
https://stackoverflow.com/questions/55369652,<pytorch>
https://stackoverflow.com/questions/58833652,<deep-learning><pytorch><distributed-computing>
https://stackoverflow.com/questions/43635423,<tensorflow><recurrent-neural-network>
https://stackoverflow.com/questions/48591623,<tensorflow>
https://stackoverflow.com/questions/44135538,<tensorflow><multi-gpu><tensorflow-gpu>
https://stackoverflow.com/questions/54217138,<python><tensorflow><keras>
https://stackoverflow.com/questions/66642338,<pytorch><pytorch-dataloader>
https://stackoverflow.com/questions/51777072,<python><keras><rnn><autoencoder>
https://stackoverflow.com/questions/54743672,<python><tensorflow><nvidia>
https://stackoverflow.com/questions/54918672,<python><tensorflow><keras>
https://stackoverflow.com/questions/55203072,<python><keras><lstm>
https://stackoverflow.com/questions/60920672,<tensorflow><keras>
https://stackoverflow.com/questions/66036272,<python><tensorflow><parallel-processing><neural-network><concurrent.futures>
https://stackoverflow.com/questions/46965098,<tensorflow><tensorflow-gpu><tensorflow-datasets>
https://stackoverflow.com/questions/68618698,<python><tensorflow><keras>
https://stackoverflow.com/questions/44255362,<python><performance><tensorflow><keras>
https://stackoverflow.com/questions/53202362,<python><tensorflow><keras><deep-learning><slurm>
https://stackoverflow.com/questions/59154562,<keras><neural-network><deep-learning><regression><metrics>
https://stackoverflow.com/questions/66746762,<tensorflow><keras><tensorflow2.0>
https://stackoverflow.com/questions/36345633,<python><python-2.7><tensorflow>
https://stackoverflow.com/questions/45788433,<python><machine-learning><tensorflow><distributed-computing>
https://stackoverflow.com/questions/46972033,<machine-learning><tensorflow><parallel-processing><deep-learning><distributed-computing>
https://stackoverflow.com/questions/37425521,<tensorflow><deep-learning>
https://stackoverflow.com/questions/41600321,<graph><tensorflow><distributed>
https://stackoverflow.com/questions/56129721,<python><machine-learning><keras><deep-learning>
https://stackoverflow.com/questions/34349316,<optimization><machine-learning><tensorflow>
https://stackoverflow.com/questions/45639316,<tensorflow><normal-distribution>
https://stackoverflow.com/questions/45646716,<tensorflow>
https://stackoverflow.com/questions/62533916,<tensorflow><ipu>
https://stackoverflow.com/questions/37780513,<tensorflow>
https://stackoverflow.com/questions/50701913,<python><tensorflow><keras><multiprocessing><keras-layer>
https://stackoverflow.com/questions/52273113,<tensorflow><cuda><pytorch><torch>
https://stackoverflow.com/questions/53895713,<python><tensorflow><distributed>
https://stackoverflow.com/questions/57176513,<python><python-3.x><keras><io><multiprocessing>
https://stackoverflow.com/questions/58835313,<python><tensorflow><keras>
https://stackoverflow.com/questions/62607513,<tensorflow><keras><tpu>
https://stackoverflow.com/questions/54122211,<tensorflow><keras><deep-learning>
https://stackoverflow.com/questions/66094011,<python><numpy><tensorflow>
https://stackoverflow.com/questions/39559183,<tensorflow><distributed>
https://stackoverflow.com/questions/41755383,<machine-learning><merge><neural-network><theano><keras>
https://stackoverflow.com/questions/47411383,<python><tensorflow>
https://stackoverflow.com/questions/52336583,<tensorflow><gpu>
https://stackoverflow.com/questions/66899783,<python><tensorflow><distributed>
https://stackoverflow.com/questions/54490647,<python><tensorflow><ray>
https://stackoverflow.com/questions/67258047,<pytorch><multiprocessing><hdf5><dataloader>
https://stackoverflow.com/questions/42049256,<python><machine-learning><tensorflow><computer-vision><deep-learning>
https://stackoverflow.com/questions/42396656,<parallel-processing><tensorflow><neural-network><theano><keras>
https://stackoverflow.com/questions/45911456,<tensorflow>
https://stackoverflow.com/questions/62005656,<python><tensorflow>
https://stackoverflow.com/questions/46636558,<python><tensorflow><google-cloud-ml>
https://stackoverflow.com/questions/61816158,<python><pytorch><distributed>
https://stackoverflow.com/questions/66688358,<python><tensorflow><tensorflow2.0><multi-gpu>
https://stackoverflow.com/questions/48148731,<tensorflow>
https://stackoverflow.com/questions/54241131,<python><keras><deep-learning><lstm><recurrent-neural-network>
https://stackoverflow.com/questions/63043731,<python><tensorflow><keras><distributed-training>
https://stackoverflow.com/questions/64397731,<python><tensorflow><ray>
https://stackoverflow.com/questions/38206695,<python><multithreading><concurrency><parallel-processing><tensorflow>
https://stackoverflow.com/questions/44483695,<python><tensorflow>
https://stackoverflow.com/questions/51708373,<python><tensorflow>
https://stackoverflow.com/questions/61096573,<apache-spark><tensorflow><keras><pyspark><user-defined-functions>
https://stackoverflow.com/questions/55792837,<mpi><pytorch>
https://stackoverflow.com/questions/61845837,<python><linux><pytorch><gpu><hdf5>
https://stackoverflow.com/questions/39837327,<tensorflow><multi-gpu>
https://stackoverflow.com/questions/50028127,<python><keras>
https://stackoverflow.com/questions/56827327,<python><tensorflow><nvidia><distributed>
https://stackoverflow.com/questions/63311327,<python><tensorflow><matplotlib><parallel-processing><conv-neural-network>
https://stackoverflow.com/questions/47696307,<optimization><tensorflow><parallel-processing><caffe><conv-neural-network>
https://stackoverflow.com/questions/57603707,<python><tensorflow><gpu><reinforcement-learning>
https://stackoverflow.com/questions/41845379,<tensorflow><tensorflow-serving><horizontal-scaling>
https://stackoverflow.com/questions/51152579,<python><python-3.x><tensorflow><keras><deep-learning>
https://stackoverflow.com/questions/59757979,<python><tensorflow><keras><deep-learning><lstm>
https://stackoverflow.com/questions/44760905,<python><numpy><tensorflow><batching>
https://stackoverflow.com/questions/54313305,<python><keras><hdf5><h5py>
https://stackoverflow.com/questions/54736505,<python><tensorflow><keras><google-cloud-platform>
https://stackoverflow.com/questions/35784696,<tensorflow><machine-learning><cluster-computing>
https://stackoverflow.com/questions/39184496,<tensorflow><distributed><grpc><infiniband>
https://stackoverflow.com/questions/44697896,<tensorflow><convolution><multi-gpu><tensorflow-gpu>
https://stackoverflow.com/questions/47080696,<tensorflow><distributed>
https://stackoverflow.com/questions/52791296,<tensorflow><gpu>
https://stackoverflow.com/questions/57347896,<python><pytorch>
https://stackoverflow.com/questions/60618896,<tensorflow><python><keras>
https://stackoverflow.com/questions/62105896,<tensorflow><tensorflow2.0><tensorflow-datasets>
https://stackoverflow.com/questions/62650096,<python><tensorflow><keras><convolution>
https://stackoverflow.com/questions/34192229,<python><tensorflow><linear-algebra><matrix-multiplication><tensor>
https://stackoverflow.com/questions/41421029,<tensorflow>
https://stackoverflow.com/questions/61021029,<pytorch><gpu><distributed-computing>
https://stackoverflow.com/questions/69577629,<python><pytorch><gpu><out-of-memory>
https://stackoverflow.com/questions/35824742,<python><tensorflow>
https://stackoverflow.com/questions/36992542,<gpu><theano><keras><theano-cuda><cudnn>
https://stackoverflow.com/questions/39788542,<computer-vision><tensorflow><distributed><multi-gpu>
https://stackoverflow.com/questions/43064542,<python><tensorflow>
https://stackoverflow.com/questions/48242542,<python-2.7><keras><keras-layer>
https://stackoverflow.com/questions/56966142,<python-3.x><pytorch>
https://stackoverflow.com/questions/58752942,<python><tensorflow><automation><gekko><iec61131-3>
https://stackoverflow.com/questions/59921142,<python><tensorflow><import><python-import><ray>
https://stackoverflow.com/questions/43883062,<tensorflow><resuming-training>
https://stackoverflow.com/questions/44425862,<tensorflow><convolution>
https://stackoverflow.com/questions/58511062,<tensorflow><deep-learning><cluster-computing><tensor>
https://stackoverflow.com/questions/41595966,<concurrency><tensorflow>
https://stackoverflow.com/questions/44202166,<tensorflow><bazel>
https://stackoverflow.com/questions/46429766,<python><tensorflow><distributed-computing><distributed>
https://stackoverflow.com/questions/47223766,<tensorflow><tensorflow-gpu><multi-gpu>
https://stackoverflow.com/questions/48172966,<python><tensorflow><distributed-computing>
https://stackoverflow.com/questions/50585166,<tensorflow><parallel-processing><keras><recurrent-neural-network><convolutional-neural-network>
https://stackoverflow.com/questions/51754166,<python><machine-learning><neural-network><keras><lstm>
https://stackoverflow.com/questions/57012366,<python><keras><keras-layer>
https://stackoverflow.com/questions/39627508,<tensorflow>
https://stackoverflow.com/questions/41649708,<tensorflow><distributed-computing>
https://stackoverflow.com/questions/49221308,<tensorflow>
https://stackoverflow.com/questions/50736908,<python><tensorflow><tensorflow-estimator>
https://stackoverflow.com/questions/60771108,<numpy><image-processing><keras><neural-network><mnist>
https://stackoverflow.com/questions/61370108,<python><tensorflow><tensorflow2.0><tensorflow-datasets>
https://stackoverflow.com/questions/53973031,<python><keras><deep-learning><anaconda><google-colaboratory>
https://stackoverflow.com/questions/65657831,<python><tensorflow><heroku><gunicorn>
https://stackoverflow.com/questions/45986578,<tensorflow><google-cloud-platform><google-cloud-ml><google-cloud-ml-engine>
https://stackoverflow.com/questions/47896378,<python><tensorflow><distributed-computing>
https://stackoverflow.com/questions/61860578,<tensorflow><keras><conv-neural-network><caffe>
https://stackoverflow.com/questions/41304139,<python><numpy><tensorflow>
https://stackoverflow.com/questions/45956139,<tensorflow>
https://stackoverflow.com/questions/46838739,<python><numpy><machine-learning><tensorflow>
https://stackoverflow.com/questions/57624739,<python><pytorch><distributed><multi-gpu>
https://stackoverflow.com/questions/40251577,<tensorflow>
https://stackoverflow.com/questions/48022577,<tensorflow><distributed-computing>
https://stackoverflow.com/questions/54452177,<keras>
https://stackoverflow.com/questions/60069977,<python><gpu><pytorch><inference>
https://stackoverflow.com/questions/63322897,<tensorflow><tensorflow-datasets>
https://stackoverflow.com/questions/35890051,<tensorflow>
https://stackoverflow.com/questions/54520051,<python><tensorflow><iterator><pipeline><tensorflow-datasets>
https://stackoverflow.com/questions/62905851,<keras>
https://stackoverflow.com/questions/63202651,<python><tensorflow><keras><google-aiy>
https://stackoverflow.com/questions/38912659,<machine-learning><tensorflow><distributed><deep-learning>
https://stackoverflow.com/questions/43896459,<tensorflow>
https://stackoverflow.com/questions/49393659,<python><tensorflow><tensorflow-datasets>
https://stackoverflow.com/questions/53864659,<python><tensorflow><keras>
https://stackoverflow.com/questions/68768259,<python><tensorflow><keras><autoencoder>
https://stackoverflow.com/questions/38559755,<python><gpu><tensorflow>
https://stackoverflow.com/questions/55711355,<python-3.x><tensorflow><tensorflow-serving><tensorflow-datasets>
https://stackoverflow.com/questions/55821155,<python><tensorflow><machine-learning><keras><neural-network>
https://stackoverflow.com/questions/56430955,<tensorflow><keras><multi-gpu>
https://stackoverflow.com/questions/61405555,<tensorflow><parallel-processing><debian><cluster-computing>
https://stackoverflow.com/questions/67180955,<python><numpy><parallel-processing><pytorch><dataloader>
https://stackoverflow.com/questions/47954926,<python><tensorflow><deep-learning><distributed-computing><multi-gpu>
https://stackoverflow.com/questions/50007126,<apache-spark><pyspark><keras><pickle><monkeypatching>
https://stackoverflow.com/questions/53739726,<keras><regression>
https://stackoverflow.com/questions/35775359,<gpgpu><tensorflow><multi-gpu><lstm><recurrent-neural-network>
https://stackoverflow.com/questions/37265159,<numpy><theano><keras><multicore><lasagne>
https://stackoverflow.com/questions/47867359,<performance><tensorflow><while-loop><parallel-processing><control-flow>
https://stackoverflow.com/questions/59656559,<python><tensorflow><keras><deep-learning>
https://stackoverflow.com/questions/60586559,<pytorch>
https://stackoverflow.com/questions/49502449,<python><tensorflow><parallel-processing>
https://stackoverflow.com/questions/43821786,<tensorflow><keras>
https://stackoverflow.com/questions/46038386,<python><keras><gradient-descent>
https://stackoverflow.com/questions/44909608,<tensorflow><tensorflow-serving><google-cloud-ml><tensorflow-gpu><google-cloud-ml-engine>
https://stackoverflow.com/questions/59618208,<python-3.x><tensorflow><tensorflow2.0><tensorflow-probability><gpflow>
https://stackoverflow.com/questions/60893208,<python><tensorflow><gpu><google-colaboratory><distributed-training>
https://stackoverflow.com/questions/34860281,<python><gpu><tensorflow>
https://stackoverflow.com/questions/63680281,<python><neural-network><pytorch><transformer>
https://stackoverflow.com/questions/39638468,<concurrency><tensorflow>
https://stackoverflow.com/questions/45107068,<python><tensorflow>
https://stackoverflow.com/questions/58632268,<python><tensorflow><google-cloud-platform><google-cloud-ml>
https://stackoverflow.com/questions/65581268,<tensorflow><keras><gpu><google-colaboratory><keras-layer>
https://stackoverflow.com/questions/37558899,<distance><tensorflow><embedding>
https://stackoverflow.com/questions/40877246,<python><tensorflow><distributed-computing><distributed>
https://stackoverflow.com/questions/42918446,<python><keras>
https://stackoverflow.com/questions/58938246,<python><keras><gpu>
https://stackoverflow.com/questions/68353446,<python><pytorch><multiprocessing><gpu>
https://stackoverflow.com/questions/42384602,<keras><image-segmentation><resnet>
https://stackoverflow.com/questions/45546737,<memory><deep-learning><keras>
https://stackoverflow.com/questions/46322337,<python-3.x><tensorflow><distributed><grpc><tensorflow-gpu>
https://stackoverflow.com/questions/54875137,<python><tensorflow><keras><neural-network>
https://stackoverflow.com/questions/58757337,<sockets><tensorflow><deep-learning><distributed-computing><gradient-descent>
https://stackoverflow.com/questions/59638137,<python><tensorflow><keras>
https://stackoverflow.com/questions/38447800,<tensorflow>
https://stackoverflow.com/questions/44769200,<tensorflow><deep-learning><recurrent-neural-network>
https://stackoverflow.com/questions/49730000,<python><tensorflow><machine-learning>
https://stackoverflow.com/questions/59098200,<parallel-processing><gpu><pytorch>
https://stackoverflow.com/questions/63641000,<c#><windows><tensorflow><prediction><ml.net>
https://stackoverflow.com/questions/42397370,<tensorflow>
https://stackoverflow.com/questions/55037570,<tensorflow><keras><lstm><recurrent-neural-network>
https://stackoverflow.com/questions/37772782,<tensorflow>
https://stackoverflow.com/questions/46001982,<python><tensorflow><google-cloud-platform><tensorflow-gpu><google-cloud-ml-engine>
https://stackoverflow.com/questions/57423567,<python><tensorflow><keras>
https://stackoverflow.com/questions/60829567,<tensorflow><keras><multi-gpu>
https://stackoverflow.com/questions/61063367,<python><tensorflow><distributed-training>
https://stackoverflow.com/questions/65494167,<python><machine-learning><deep-learning><parallel-processing><pytorch>
https://stackoverflow.com/questions/65930567,<python><tensorflow><keras>
https://stackoverflow.com/questions/68309367,<python><tensorflow><keras><gpu><multi-gpu>
https://stackoverflow.com/questions/60401448,<python><tensorflow><machine-learning><google-colaboratory>
https://stackoverflow.com/questions/49542369,<python><tensorflow><google-cloud-ml>
https://stackoverflow.com/questions/62844769,<tensorflow><google-cloud-platform><tensorflow-serving><google-cloud-ml><tensorflow2.x>
https://stackoverflow.com/questions/39002352,<python><cuda><tensorflow><gpu>
https://stackoverflow.com/questions/51526952,<python><tensorflow><keras><deep-learning>
https://stackoverflow.com/questions/57104152,<tensorflow><pytorch>
https://stackoverflow.com/questions/59126952,<tensorflow><keras><nvidia><freeze><tensorflow2.0>
https://stackoverflow.com/questions/60178952,<python><tensorflow><tensorflow-datasets><distributed-tensorflow>
https://stackoverflow.com/questions/53802453,<python><pytorch><reinforcement-learning>
https://stackoverflow.com/questions/41848963,<tensorflow>
https://stackoverflow.com/questions/51140563,<tensorflow><object-detection>
https://stackoverflow.com/questions/52458563,<python><tensorflow><distributed-computing>
https://stackoverflow.com/questions/58670563,<python><tensorflow><keras><google-colaboratory>
https://stackoverflow.com/questions/50474336,<python><tensorflow><keras>
https://stackoverflow.com/questions/68890736,<python><r><tensorflow><keras>
https://stackoverflow.com/questions/46559655,<python><tensorflow><neural-network><queue><keras>
https://stackoverflow.com/questions/60799655,<python-3.x><pytorch>
https://stackoverflow.com/questions/38185702,<tensorflow><distributed><imagenet>
https://stackoverflow.com/questions/38732502,<python><tensorflow>
https://stackoverflow.com/questions/47762902,<tensorflow><distributed-computing><lstm><recurrent-neural-network><multiple-gpu>
https://stackoverflow.com/questions/62921102,<pytorch>
https://stackoverflow.com/questions/54405024,<python><tensorflow><tensorflow-serving>
https://stackoverflow.com/questions/34779638,<ipython><tensorflow><gnu-screen>
https://stackoverflow.com/questions/38467838,<tensorflow><distributed>
https://stackoverflow.com/questions/39991238,<tensorflow><distributed>
https://stackoverflow.com/questions/53861038,<python><tensorflow><neural-network><storage>
https://stackoverflow.com/questions/62767438,<python><tensorflow><conv-neural-network><nonlinear-functions><taylor-series>
https://stackoverflow.com/questions/67540438,<pytorch><concatenation><embedding><weighted-average>
https://stackoverflow.com/questions/37313894,<tensorflow><deep-learning>
https://stackoverflow.com/questions/43354494,<tensorflow><hdfs><distributed>
https://stackoverflow.com/questions/49997294,<python><tensorflow>
https://stackoverflow.com/questions/60134894,<python><keras><deep-learning><sequence-to-sequence><encoder-decoder>
https://stackoverflow.com/questions/64499294,<python><parallel-processing><pytorch><distributed-computing><pytorch-lightning>
https://stackoverflow.com/questions/66989094,<python><tensorflow><tensorflow-hub>
https://stackoverflow.com/questions/67298294,<pytorch>
https://stackoverflow.com/questions/69143694,<python><tensorflow><keras><deep-learning><neural-network>
https://stackoverflow.com/questions/44496404,<python><tensorflow><convolution><multi-gpu>
https://stackoverflow.com/questions/50941004,<numpy><tensorflow><gpu>
https://stackoverflow.com/questions/61907804,<python><pytorch>
https://stackoverflow.com/questions/62722004,<tensorflow><deep-learning><tensorflow2.0><distributed-computing>
https://stackoverflow.com/questions/36070588,<tensorflow>
https://stackoverflow.com/questions/47750388,<tensorflow><keras><tensorboard>
https://stackoverflow.com/questions/61406988,<python><tensorflow><keras><deep-learning><conv-neural-network>
https://stackoverflow.com/questions/53254870,<python><tensorflow><keras><conv-neural-network><mnist>
https://stackoverflow.com/questions/53488870,<tensorflow><keras><amazon-sagemaker>
https://stackoverflow.com/questions/56595870,<tensorflow><tensorflow-datasets><tensorflow-estimator>
https://stackoverflow.com/questions/45767480,<python><tensorflow><parallel-processing><tensorflow-serving>
https://stackoverflow.com/questions/56014900,<tensorflow><memory><deep-learning><gpu><cpu>
https://stackoverflow.com/questions/59863058,<tensorflow><machine-learning><keras>
https://stackoverflow.com/questions/60129658,<python><tensorflow><image-processing><tensorflow2.0>
https://stackoverflow.com/questions/63602858,<python><tensorflow>
https://stackoverflow.com/questions/65251058,<python><tensorflow><tensorflow2.0><distributed-computing><tpu>
https://stackoverflow.com/questions/58976304,<import><gpu><pytorch>
https://stackoverflow.com/questions/60673904,<tensorflow><anaconda><sublimetext3>
https://stackoverflow.com/questions/44363610,<python><tensorflow><nlp><celery>
https://stackoverflow.com/questions/51708210,<tensorflow>
https://stackoverflow.com/questions/53596010,<ssh><distributed><pytorch><openmpi><ubuntu-18.04>
https://stackoverflow.com/questions/60202610,<python><websocket><pytorch><federated-learning><pysyft>
https://stackoverflow.com/questions/48492613,<python><ios><keras><recurrent-neural-network><coreml>
https://stackoverflow.com/questions/64028213,<python><arrays><pytorch><zarr>
https://stackoverflow.com/questions/43803168,<python><tensorflow>
https://stackoverflow.com/questions/47065368,<tensorflow><tensorflow-gpu><google-cloud-ml><cudnn>
https://stackoverflow.com/questions/50022168,<python><tensorflow><tensorflow-datasets>
https://stackoverflow.com/questions/55200768,<python><tensorflow><keras><gpu><random-seed>
https://stackoverflow.com/questions/57162768,<python><tensorflow><machine-learning>
https://stackoverflow.com/questions/62256568,<python><keras><lstm><recurrent-neural-network><lstm-stateful>
https://stackoverflow.com/questions/64185568,<python><neural-network><pytorch><gpu>
https://stackoverflow.com/questions/66669568,<tensorflow><gpu>
https://stackoverflow.com/questions/40998533,<tensorflow>
https://stackoverflow.com/questions/45488133,<multithreading><tensorflow><parallel-processing>
https://stackoverflow.com/questions/46552333,<deep-learning><keras><mxnet>
https://stackoverflow.com/questions/51976733,<tensorflow><machine-learning><object-detection><google-cloud-ml>
https://stackoverflow.com/questions/53589333,<tensorflow><keras>
https://stackoverflow.com/questions/56266133,<tensorflow><deep-learning><multi-gpu>
https://stackoverflow.com/questions/57189133,<python-3.x><pytorch>
https://stackoverflow.com/questions/60453533,<tensorflow><gpu>
https://stackoverflow.com/questions/60964933,<tensorflow>
https://stackoverflow.com/questions/66822333,<python-3.x><tensorflow><machine-learning><keras>
https://stackoverflow.com/questions/47672214,<tensorflow><tensorflow-gpu>
https://stackoverflow.com/questions/53834414,<python><tensorflow><distributed-computing><multiple-gpu>
https://stackoverflow.com/questions/57277214,<python><pytorch><allennlp>
https://stackoverflow.com/questions/60482214,<python><multithreading><tensorflow><keras><multiprocessing>
https://stackoverflow.com/questions/46864003,<python-3.x><keras><gpu><tensorflow-gpu><keras-2>
https://stackoverflow.com/questions/69558803,<pytorch><nvidia>
https://stackoverflow.com/questions/50895128,<python><tensorflow><keras><keras-2>
https://stackoverflow.com/questions/52097928,<python><tensorflow><tensorflow-estimator>
https://stackoverflow.com/questions/56433728,<python-3.x><tensorflow><cleverhans>
https://stackoverflow.com/questions/59760328,<pytorch><huggingface-transformers>
https://stackoverflow.com/questions/48903703,<keras><bigdata>
https://stackoverflow.com/questions/43105148,<python><multithreading><tensorflow>
https://stackoverflow.com/questions/52507748,<python><multithreading><tensorflow><parallel-processing><affinity>
https://stackoverflow.com/questions/44906291,<tensorflow><distributed>
https://stackoverflow.com/questions/44964691,<python><tensorflow><deep-learning>
https://stackoverflow.com/questions/50267291,<python><parsing><tensorflow><distributed-computing><argparse>
https://stackoverflow.com/questions/55865891,<python><tensorflow><tensorflow2.0><tensorflow-probability>
https://stackoverflow.com/questions/60973491,<python><tensorflow>
https://stackoverflow.com/questions/65723891,<python><tensorflow><keras><memory-management>
https://stackoverflow.com/questions/59185729,<keras><tensorflow2.0><multi-gpu>
https://stackoverflow.com/questions/59732129,<gpu><pytorch>
https://stackoverflow.com/questions/60353129,<python><parallel-processing><pytorch>
https://stackoverflow.com/questions/36610290,<python><parallel-processing><multiprocessing><tensorflow><reinforcement-learning>
https://stackoverflow.com/questions/43457890,<tensorflow><keras>
https://stackoverflow.com/questions/47615290,<tensorflow>
https://stackoverflow.com/questions/52498690,<python><pytorch>
https://stackoverflow.com/questions/54725490,<keras><tensorflow><nvidia>
https://stackoverflow.com/questions/58749090,<python><keras><neural-network>
https://stackoverflow.com/questions/49879750,<mongodb><tensorflow><keras><python-multiprocessing>
https://stackoverflow.com/questions/46599254,<python><tensorflow><torque>
https://stackoverflow.com/questions/48543654,<python><tensorflow><parallel-processing><multiprocessing><distributed-computing>
https://stackoverflow.com/questions/57376654,<python><tensorflow><keras>
https://stackoverflow.com/questions/57891854,<python><tensorflow><keras><pyspark><apache-spark-sql>
https://stackoverflow.com/questions/45812974,<tensorflow><google-cloud-ml>
https://stackoverflow.com/questions/51219374,<python><tensorflow><deep-learning><distributed>
https://stackoverflow.com/questions/65511574,<python><python-3.x><tensorflow><keras><deep-learning>
https://stackoverflow.com/questions/36290883,<neural-network><tensorflow>
https://stackoverflow.com/questions/41498883,<python><session><tensorflow><distributed-computing>
https://stackoverflow.com/questions/68383083,<python><python-3.x><tensorflow><tensorflow2.0><distributed-tensorflow>
https://stackoverflow.com/questions/45783285,<tensorflow><google-cloud-platform><tensorflow-gpu><google-cloud-ml-engine>
https://stackoverflow.com/questions/39810356,<python><machine-learning><tensorflow><deep-learning><grpc>
https://stackoverflow.com/questions/50442156,<tensorflow><multi-gpu>
https://stackoverflow.com/questions/69778356,<python><deep-learning><pytorch><distributed>
https://stackoverflow.com/questions/36313934,<python><neural-network><tensorflow>
https://stackoverflow.com/questions/59958934,<python><tensorflow><machine-learning><image-processing><keras>
https://stackoverflow.com/questions/61311334,<python-3.x><deep-learning><pytorch><batch-normalization><multi-gpu>
https://stackoverflow.com/questions/66468134,<docker><tensorflow><parallel-processing><gpu>
https://stackoverflow.com/questions/45383842,<tensorflow><keras><tensorflow-gpu>
https://stackoverflow.com/questions/50526842,<tensorflow>
https://stackoverflow.com/questions/51576642,<python><opencv><keras><deep-learning><artificial-intelligence>
https://stackoverflow.com/questions/37411005,<tensorflow><tensorboard>
https://stackoverflow.com/questions/47981205,<tensorflow><machine-learning><distributed-computing><lstm><backpropagation>
https://stackoverflow.com/questions/47997605,<tensorflow><machine-learning><kubernetes><distributed-computing><google-cloud-ml>
https://stackoverflow.com/questions/57067605,<python><python-2.7><numpy><deep-learning><pytorch>
https://stackoverflow.com/questions/60542005,<tensorflow><machine-learning><keras>
https://stackoverflow.com/questions/60876805,<tensorflow><dataset><multilabel-classification>
https://stackoverflow.com/questions/40305141,<tensorflow><google-cloud-ml>
https://stackoverflow.com/questions/60079541,<python><tensorflow><tensorflow2.0>
https://stackoverflow.com/questions/67876741,<python><pytorch><mmap><simpletransformers>
https://stackoverflow.com/questions/45123263,<python><machine-learning><keras><conv-neural-network><deep-residual-networks>
https://stackoverflow.com/questions/50000263,<tensorflow>
https://stackoverflow.com/questions/53453663,<python><image-processing><deep-learning><bigdata><pytorch>
https://stackoverflow.com/questions/60975463,<python><tensorflow><tensorflow2.0><tensorflow-datasets>
https://stackoverflow.com/questions/42319632,<tensorflow>
https://stackoverflow.com/questions/50845832,<python><tensorflow><cpython>
https://stackoverflow.com/questions/56322632,<tensorflow><kubeflow>
https://stackoverflow.com/questions/68551032,<python><parallel-processing><pytorch>
https://stackoverflow.com/questions/42131532,<tensorflow><distributed>
https://stackoverflow.com/questions/52936132,<python><tensorflow><machine-learning><keras><lstm>
https://stackoverflow.com/questions/62474132,<python><tensorflow><keras>
https://stackoverflow.com/questions/65675732,<pytorch><torch><torchvision>
https://stackoverflow.com/questions/38189940,<tensorflow><deep-learning><multi-gpu>
https://stackoverflow.com/questions/50476340,<tensorflow><keras>
https://stackoverflow.com/questions/55883940,<python><machine-learning><keras><neural-network><recurrent-neural-network>
https://stackoverflow.com/questions/38760621,<gpu><tensorflow><deep-learning>
https://stackoverflow.com/questions/50630821,<python><tensorflow><keras>
https://stackoverflow.com/questions/52285621,<deep-learning><gpu><hardware><pytorch>
https://stackoverflow.com/questions/65944621,<python><tensorflow><keras><deep-learning><neural-network>
https://stackoverflow.com/questions/51257780,<python><pytorch><gpu><linear-algebra><lapack>
https://stackoverflow.com/questions/67149980,<python><tensorflow><keras><deep-learning><ensemble-learning>
https://stackoverflow.com/questions/35090591,<gpu><tensorflow><bazel>
https://stackoverflow.com/questions/46954991,<tensorflow><keras><multi-gpu>
https://stackoverflow.com/questions/56974191,<tensorflow><keras>
https://stackoverflow.com/questions/57888191,<out-of-memory><pytorch><dataloader>
https://stackoverflow.com/questions/61869991,<c><tensorflow>
https://stackoverflow.com/questions/69792591,<pytorch>
https://stackoverflow.com/questions/63776434,<python><tensorflow><tensorflow2.0><distributed-computing><batchsize>
https://stackoverflow.com/questions/67876634,<python><tensorflow><keras><conv-neural-network>
https://stackoverflow.com/questions/43717073,<python><tensorflow><neural-network><keras>
https://stackoverflow.com/questions/48369473,<python><tensorflow><gradient-descent><multi-gpu>
https://stackoverflow.com/questions/54760473,<tensorflow><keras><gpu><lstm><nvidia>
https://stackoverflow.com/questions/62123073,<keras><keras-layer><tf.keras>
https://stackoverflow.com/questions/58235790,<python><machine-learning><neural-network><pytorch><monte-carlo-tree-search>
https://stackoverflow.com/questions/59855790,<tensorflow><machine-learning><keras><conv-neural-network>
https://stackoverflow.com/questions/61630990,<python><tensorflow><callback>
https://stackoverflow.com/questions/64745590,<python><python-3.x><machine-learning><pytorch><horovod>
https://stackoverflow.com/questions/66379390,<python><tensorflow><gpu><nvidia-docker>
https://stackoverflow.com/questions/43130893,<tensorflow>
https://stackoverflow.com/questions/44863493,<python><algorithm><tensorflow><distributed-computing><bigdata>
https://stackoverflow.com/questions/46853293,<python><keras><gpu><cluster-computing><distributed-computing>
https://stackoverflow.com/questions/55343893,<parallel-processing><pytorch><torch><gpu><torchvision>
https://stackoverflow.com/questions/39174082,<tensorflow><bazel><textsum>
https://stackoverflow.com/questions/40649882,<machine-learning><neural-network><multiprocessing><tensorflow><deep-learning>
https://stackoverflow.com/questions/53998282,<python><memory-management><deep-learning><pytorch><ram>
https://stackoverflow.com/questions/68386282,<parallel-processing><pytorch>
https://stackoverflow.com/questions/52437599,<amazon-web-services><tensorflow><amazon-emr><amazon-sagemaker>
https://stackoverflow.com/questions/64595999,<python><pytorch><data-visualization><conv-neural-network>
https://stackoverflow.com/questions/37971426,<ios><mobile><tensorflow>
https://stackoverflow.com/questions/42614426,<dynamic><tensorflow><libraries>
https://stackoverflow.com/questions/43542226,<python><python-3.x><tensorflow><deep-learning><keras>
https://stackoverflow.com/questions/43993826,<python><image><machine-learning><tensorflow><classification>
https://stackoverflow.com/questions/49608626,<tensorflow>
https://stackoverflow.com/questions/51088826,<python><keras>
https://stackoverflow.com/questions/61896426,<python><tensorflow><mpi><slurm>
https://stackoverflow.com/questions/65970626,<keras>
https://stackoverflow.com/questions/40201594,<performance><machine-learning><neural-network><tensorflow><nvidia>
https://stackoverflow.com/questions/55755194,<python><tensorflow><caffe>
https://stackoverflow.com/questions/61094394,<python><pytorch>
https://stackoverflow.com/questions/63075594,<python><multiprocessing><pytorch><gpu>
https://stackoverflow.com/questions/38716584,<python><apache-spark><tensorflow><pyspark>
https://stackoverflow.com/questions/38937984,<python><tensorflow>
https://stackoverflow.com/questions/42387584,<python><machine-learning><tensorflow><deep-learning>
https://stackoverflow.com/questions/50101984,<python><tensorflow><pyspark>
https://stackoverflow.com/questions/57758384,<python><keras><multiprocessing>
https://stackoverflow.com/questions/60157184,<tensorflow><amazon-sagemaker><distributed-tensorflow>
https://stackoverflow.com/questions/63561584,<python><tensorflow><tensorboard><hyperparameters>
https://stackoverflow.com/questions/40850089,<python><multithreading><keras>
https://stackoverflow.com/questions/51721889,<python><tensorflow>
https://stackoverflow.com/questions/60868089,<python><keras><deep-learning><text-classification><conv-neural-network>
https://stackoverflow.com/questions/65846689,<tensorflow><distributed-computing><tfx>
https://stackoverflow.com/questions/67937689,<python><tensorflow><keras><neural-network>
https://stackoverflow.com/questions/50342019,<tensorflow><google-cloud-ml>
https://stackoverflow.com/questions/61037819,<pytorch><distribute>
https://stackoverflow.com/questions/34375871,<tensorflow>
https://stackoverflow.com/questions/54221471,<python><tensorflow><tensorboard>
https://stackoverflow.com/questions/61724871,<python><python-3.x><tensorflow><keras>
https://stackoverflow.com/questions/40618560,<tensorflow><deep-learning>
https://stackoverflow.com/questions/42426960,<python><machine-learning><tensorflow><neural-network>
https://stackoverflow.com/questions/43084960,<python><python-3.x><tensorflow><distributed>
https://stackoverflow.com/questions/55830960,<multiprocessing><gpu><pytorch>
https://stackoverflow.com/questions/68453123,<pytorch><state-dict>
https://stackoverflow.com/questions/54995306,<python><tensorflow>
https://stackoverflow.com/questions/60172564,<python><tensorflow><caching>
https://stackoverflow.com/questions/61813164,<python><tensorflow>
https://stackoverflow.com/questions/41544009,<python><tensorflow>
https://stackoverflow.com/questions/58970609,<python><tensorflow><distributed-computing><google-cloud-ml>
https://stackoverflow.com/questions/54077457,<python-3.x><tensorflow><dask><concurrent.futures><dask-distributed>
https://stackoverflow.com/questions/55511857,<gpu><conv-neural-network><pytorch><cudnn><pre-trained-model>
https://stackoverflow.com/questions/59102657,<tensorflow><keras><google-colaboratory><google-cloud-tpu><talos>
https://stackoverflow.com/questions/42924077,<tensorflow><google-cloud-dataflow><google-cloud-ml><apache-beam><google-cloud-ml-engine>
https://stackoverflow.com/questions/43646277,<tensorflow><distributed-system><bazel>
https://stackoverflow.com/questions/46438877,<python><gpu><pytorch>
https://stackoverflow.com/questions/52041077,<python><tensorflow><distributed-computing>
https://stackoverflow.com/questions/60007077,<python><keras>
https://stackoverflow.com/questions/34273951,<tensorflow>
https://stackoverflow.com/questions/48946751,<tensorflow><parallel-processing><neural-network>
https://stackoverflow.com/questions/49132151,<python><apache-spark><pyspark><keras><distributed-computing>
https://stackoverflow.com/questions/52774351,<python><tensorflow><parallel-processing>
https://stackoverflow.com/questions/54620551,<multithreading><keras><multiprocessing><windows-10><python-3.6>
https://stackoverflow.com/questions/43137549,<parallel-processing><tensorflow>
https://stackoverflow.com/questions/43236349,<machine-learning><tensorflow><deep-learning><multi-gpu>
https://stackoverflow.com/questions/62139949,<python><pytorch><gpu><boolean-logic>
https://stackoverflow.com/questions/64040349,<python><tensorflow><machine-learning><keras>
https://stackoverflow.com/questions/63603692,<pytorch>
https://stackoverflow.com/questions/66531692,<python><tensorflow><gpu><object-detection-api>
https://stackoverflow.com/questions/51343207,<python><tensorflow><parallel-processing><joblib><dask-distributed>
https://stackoverflow.com/questions/52675607,<python><numpy><tensorflow><keras>
https://stackoverflow.com/questions/54811207,<tensorflow><keras><google-cloud-platform><google-cloud-dataproc><tony>
https://stackoverflow.com/questions/55986607,<python><neural-network><computer-vision><pytorch><distributed-computing>
https://stackoverflow.com/questions/59088007,<r><keras><foreach><doparallel>
https://stackoverflow.com/questions/59446807,<python><tensorflow><keras><amazon-sagemaker><horizontal-scaling>
https://stackoverflow.com/questions/43620478,<python><tensorflow><gpu><keras>
https://stackoverflow.com/questions/44742878,<python><csv><tensorflow>
https://stackoverflow.com/questions/53670078,<python><tensorflow><machine-learning><keras><conv-neural-network>
https://stackoverflow.com/questions/61904878,<python><tensorflow><machine-learning><keras><conv-neural-network>
https://stackoverflow.com/questions/45069761,<python><tensorflow><conv-neural-network><convolution>
https://stackoverflow.com/questions/51594361,<python-3.x><tensorflow><nonetype><joblib><numpy-memmap>
https://stackoverflow.com/questions/62124961,<tensorflow><tensorflow-datasets><tensorflow-estimator><transformer><bert-language-model>
https://stackoverflow.com/questions/66095761,<python><keras><deep-learning><neural-network><chemistry>
https://stackoverflow.com/questions/68000761,<pytorch>
https://stackoverflow.com/questions/40339510,<python><arrays><numpy><tensorflow>
https://stackoverflow.com/questions/45508510,<python><tensorflow>
https://stackoverflow.com/questions/54355310,<tensorflow><pytorch><recurrent-neural-network><sequence-modeling>
https://stackoverflow.com/questions/60918910,<python><python-3.x><tensorflow><tensorflow2.0>
https://stackoverflow.com/questions/61854165,<deep-learning><pytorch>
https://stackoverflow.com/questions/43406111,<machine-learning><tensorflow><google-cloud-ml><google-cloud-ml-engine>
https://stackoverflow.com/questions/44516511,<tensorflow><neural-network><deep-learning><conv-neural-network>
https://stackoverflow.com/questions/56850711,<python-3.x><deep-learning><nlp><pytorch>
https://stackoverflow.com/questions/64099311,<python><tensorflow><keras>
https://stackoverflow.com/questions/42399866,<python><machine-learning><tensorflow>
https://stackoverflow.com/questions/45671466,<python><tensorflow><distributed>
https://stackoverflow.com/questions/45931866,<python><tensorflow><parallel-processing><vgg-net>
https://stackoverflow.com/questions/48853066,<python><tensorflow><machine-learning><keras>
https://stackoverflow.com/questions/65388266,<python><tensorflow><keras><conv-neural-network>
https://stackoverflow.com/questions/69713266,<python><tensorflow><tensorflow-probability>
https://stackoverflow.com/questions/47791372,<tensorflow><gpu><distributed-computing><google-cloud-ml><multi-gpu>
https://stackoverflow.com/questions/50303372,<python><tensorflow>
https://stackoverflow.com/questions/54034172,<python><tensorflow><amazon-sagemaker>
https://stackoverflow.com/questions/60831972,<python><keras><neural-network>
https://stackoverflow.com/questions/35689547,<tensorflow>
https://stackoverflow.com/questions/42069147,<parallel-processing><tensorflow><distributed>
https://stackoverflow.com/questions/43007147,<ubuntu><cuda><tensorflow>
https://stackoverflow.com/questions/51672747,<python-3.x><multithreading><keras><multiprocessing><windows-10>
https://stackoverflow.com/questions/59096347,<tensorflow><keras><gpu><tensorflow2.0>
https://stackoverflow.com/questions/67174747,<python><tensorflow><for-loop><machine-learning><keras>
https://stackoverflow.com/questions/69132547,<python><pytorch><pytorch-lightning>
https://stackoverflow.com/questions/34389945,<multithreading><tensorflow>
https://stackoverflow.com/questions/42473745,<python><windows><tensorflow><gpu>
https://stackoverflow.com/questions/47548145,<tensorflow>
https://stackoverflow.com/questions/51953345,<python><python-3.x><tensorflow><scipy><arpack>
https://stackoverflow.com/questions/48811876,<random><tensorflow><initialization><tensorboard><bias-neuron>
https://stackoverflow.com/questions/52041276,<tensorflow><mpi>
https://stackoverflow.com/questions/63281676,<python><tensorflow><machine-learning><keras><deep-learning>
https://stackoverflow.com/questions/65358676,<tensorflow><tensorflow2.0><tpu>
https://stackoverflow.com/questions/67982276,<tensorflow><tensorflow-federated>
https://stackoverflow.com/questions/41003989,<tensorflow><skflow>
https://stackoverflow.com/questions/50734589,<python-3.x><tensorflow>
https://stackoverflow.com/questions/57035589,<pytorch>
https://stackoverflow.com/questions/39578441,<tensorflow>
https://stackoverflow.com/questions/45985641,<python><python-2.7><tensorflow><redhat>
https://stackoverflow.com/questions/64191241,<python><tensorflow><gpu>
https://stackoverflow.com/questions/64256241,<pytorch><nvidia><wsl-2>
https://stackoverflow.com/questions/40517515,<tensorflow>
https://stackoverflow.com/questions/44029715,<python><tensorflow>
https://stackoverflow.com/questions/47478315,<tensorflow><tensorflow-datasets>
https://stackoverflow.com/questions/59251315,<tensorflow><keras><parameters><lstm><recurrent-neural-network>
https://stackoverflow.com/questions/66636715,<tensorflow><machine-learning><keras><subclassing><distributed-training>
https://stackoverflow.com/questions/41108684,<python><machine-learning><tensorflow>
https://stackoverflow.com/questions/42409884,<python><tensorflow><keras><python-multiprocessing>
https://stackoverflow.com/questions/50655884,<python><tensorflow><keras>
https://stackoverflow.com/questions/54194884,<python><tensorflow><gpu>
https://stackoverflow.com/questions/56608284,<tensorflow><gpu>
https://stackoverflow.com/questions/65330884,<python><pytorch>
https://stackoverflow.com/questions/35356514,<tensorflow>
https://stackoverflow.com/questions/47665314,<tensorflow>
https://stackoverflow.com/questions/51725914,<tensorflow><distributed-computing>
https://stackoverflow.com/questions/54341514,<tensorflow><computer-vision><object-detection>
https://stackoverflow.com/questions/45574025,<python><multithreading><tensorflow><parallel-processing>
https://stackoverflow.com/questions/47835625,<multithreading><tensorflow><tensorflow-gpu><google-cloud-ml>
https://stackoverflow.com/questions/50920425,<python><tensorflow><keras>
https://stackoverflow.com/questions/45808117,<tensorflow>
https://stackoverflow.com/questions/46974717,<tensorflow><distributed-computing>
https://stackoverflow.com/questions/49984317,<python><tensorflow><distributed-computing>
https://stackoverflow.com/questions/50287517,<github><tensorflow><distributed-computing><distributed>
https://stackoverflow.com/questions/37177992,<tensorflow>
https://stackoverflow.com/questions/40712392,<tensorflow><tensorflow-serving>
https://stackoverflow.com/questions/43101792,<bash><python-2.7><tensorflow><distributed-system>
https://stackoverflow.com/questions/44060592,<tensorflow><word-embedding>
https://stackoverflow.com/questions/45776592,<python><pip><keras>
https://stackoverflow.com/questions/50956392,<python><tensorflow><distributed>
https://stackoverflow.com/questions/52040392,<python><tensorflow>
https://stackoverflow.com/questions/52214953,<python><tensorflow><keras>
https://stackoverflow.com/questions/53679153,<python><keras><deep-learning><conv-neural-network>
https://stackoverflow.com/questions/47465640,<python><deep-learning><keras><exe>
https://stackoverflow.com/questions/62857640,<pytorch><gpu><multi-gpu>
https://stackoverflow.com/questions/39196176,<queue><tensorflow>
https://stackoverflow.com/questions/45719176,<python><tensorflow><tensorboard>
https://stackoverflow.com/questions/59993176,<python><linux><tensorflow><deep-learning><unity3d-unet>
https://stackoverflow.com/questions/61267376,<tensorflow>
https://stackoverflow.com/questions/63693776,<python><tensorflow><keras><deep-learning><image-recognition>
https://stackoverflow.com/questions/49150587,<python><asynchronous><tensorflow><distributed>
https://stackoverflow.com/questions/66844587,<python-3.x><tensorflow><keras><pathos>
https://stackoverflow.com/questions/69033787,<python><pytorch>
https://stackoverflow.com/questions/39921120,<tensorflow><distributed>
https://stackoverflow.com/questions/48111120,<multithreading><tensorflow>
https://stackoverflow.com/questions/62331720,<tensorflow><training-data><tf.keras>
https://stackoverflow.com/questions/66656120,<python><tensorflow><amazon-sagemaker>
https://stackoverflow.com/questions/68289120,<python><tensorflow><keras>
https://stackoverflow.com/questions/39027488,<python><tensorflow><gpu><distributed-computing><grpc>
https://stackoverflow.com/questions/40979688,<python><tensorflow>
https://stackoverflow.com/questions/59728088,<deep-learning><gpu><pytorch><resnet>
https://stackoverflow.com/questions/60750288,<python-3.x><deep-learning><pytorch>
https://stackoverflow.com/questions/67895488,<tensorflow><tensorflow2.0><tensorflow-datasets>
https://stackoverflow.com/questions/68031288,<python><tensorflow><keras><time-series><autoencoder>
https://stackoverflow.com/questions/68394088,<tensorflow><keras><mpi><hdf5><mpi4py>
https://stackoverflow.com/questions/39658422,<tensorflow>
https://stackoverflow.com/questions/40474822,<queue><tensorflow><pipeline>
https://stackoverflow.com/questions/47247022,<tensorflow><queue><mutex><distributed><shared>
https://stackoverflow.com/questions/52310022,<python><tensorflow>
https://stackoverflow.com/questions/52724022,<python><tensorflow><keras>
https://stackoverflow.com/questions/53925222,<tensorflow><tfrecord>
https://stackoverflow.com/questions/54228222,<python><tensorflow><queue><gpu><cpu>
https://stackoverflow.com/questions/48961330,<tensorflow><keras>
https://stackoverflow.com/questions/59938530,<pytorch><recurrent-neural-network>
https://stackoverflow.com/questions/62539530,<python><keras><deep-learning><conv-neural-network><activation>
https://stackoverflow.com/questions/64846130,<python><tensorflow><keras><distributed-computing>
https://stackoverflow.com/questions/67030330,<machine-learning><pytorch>
https://stackoverflow.com/questions/37712509,<tensorflow><distributed><deep-learning>
https://stackoverflow.com/questions/61949309,<pytorch>
https://stackoverflow.com/questions/68807309,<python><pytorch>
https://stackoverflow.com/questions/45172725,<tensorflow>
https://stackoverflow.com/questions/45184525,<tensorflow><distributed>
https://stackoverflow.com/questions/48197325,<tensorflow>
https://stackoverflow.com/questions/64696325,<tensorflow><keras><out-of-memory><gpu><cross-validation>
https://stackoverflow.com/questions/35020357,<python><centos><glibc><tensorflow><binutils>
https://stackoverflow.com/questions/44640357,<python-2.7><while-loop><tensorflow><parallel-processing>
https://stackoverflow.com/questions/61056557,<python><tensorflow>
https://stackoverflow.com/questions/67667357,<python><tensorflow><keras><input><tensorflow2.0>
https://stackoverflow.com/questions/68036757,<keras><tensorflow2.0>
https://stackoverflow.com/questions/34419645,<python><tensorflow>
https://stackoverflow.com/questions/34439045,<c++><tensorflow>
https://stackoverflow.com/questions/39666845,<python><tensorflow>
https://stackoverflow.com/questions/66363245,<python><pytorch><reinforcement-learning><openai-gym><reward>
https://stackoverflow.com/questions/67098245,<python><pytorch><pytorch-dataloader>
https://stackoverflow.com/questions/45858524,<python><machine-learning><pytorch>
https://stackoverflow.com/questions/51835124,<python><tensorflow><machine-learning><neural-network><tensorlayer>
https://stackoverflow.com/questions/54207324,<python><tensorflow><keras><neural-network>
https://stackoverflow.com/questions/56012124,<linux><tensorflow>
https://stackoverflow.com/questions/56858924,<python><pytorch><lstm>
https://stackoverflow.com/questions/57027924,<python><tensorflow><keras><multi-gpu><talos>
https://stackoverflow.com/questions/58346524,<tensorflow><machine-learning><pyspark><cluster-analysis><k-means>
https://stackoverflow.com/questions/61134924,<tensorflow><machine-learning><distributed-training>
https://stackoverflow.com/questions/61218324,<python><r><tensorflow><keras>
https://stackoverflow.com/questions/51481469,<python-3.x><tensorflow><gcloud><google-cloud-ml><tensorflow-estimator>
https://stackoverflow.com/questions/59419269,<python><tensorflow><keras><gpu>
https://stackoverflow.com/questions/64626869,<keras><deep-learning>
https://stackoverflow.com/questions/39323443,<tensorflow>
https://stackoverflow.com/questions/47143043,<tensorflow><grpc>
https://stackoverflow.com/questions/62145243,<pandas><machine-learning><keras><scikit-learn><deep-learning>
https://stackoverflow.com/questions/63577843,<python><tensorflow><optimization><bigdata>
https://stackoverflow.com/questions/63797843,<python><tensorflow><keras>
https://stackoverflow.com/questions/67584843,<pytorch><linker-errors><libtorch>
https://stackoverflow.com/questions/50493836,<python><tensorflow><deep-learning>
https://stackoverflow.com/questions/52740436,<python><tensorflow><keras>
https://stackoverflow.com/questions/56824036,<python><tensorflow><machine-learning><neural-network><mxnet>
https://stackoverflow.com/questions/62097236,<python><parallel-processing><pytorch><distributed><python-parallel>
https://stackoverflow.com/questions/42024795,<tensorflow><dask>
https://stackoverflow.com/questions/46497486,<python><math><machine-learning><tensorflow><computer-vision>
https://stackoverflow.com/questions/67167886,<python><macos><tensorflow><deep-learning><arm>
https://stackoverflow.com/questions/49527397,<tensorflow><keras><keras-layer>
https://stackoverflow.com/questions/64948197,<python><tensorflow><machine-learning><artificial-intelligence>
https://stackoverflow.com/questions/67329997,<python><pytorch><loss-function><distributed-training><adversarial-machines>
https://stackoverflow.com/questions/39500044,<tensorflow><ipc>
https://stackoverflow.com/questions/43845644,<tensorflow><neural-network>
https://stackoverflow.com/questions/44580450,<pytorch>
https://stackoverflow.com/questions/47574050,<tensorflow><keras>
https://stackoverflow.com/questions/53870450,<python><tensorflow>
https://stackoverflow.com/questions/54005850,<tensorflow>
https://stackoverflow.com/questions/65569050,<python><tensorflow><runtime-error><cpu><keras-tuner>
https://stackoverflow.com/questions/66370250,<python><pytorch><pytorch-dataloader>
https://stackoverflow.com/questions/61741417,<python><tensorflow><keras><tensorflow2.0>
https://stackoverflow.com/questions/48260861,<tensorflow>
https://stackoverflow.com/questions/65017261,<python><numpy><pytorch><numpy-ndarray>
https://stackoverflow.com/questions/67178061,<tensorflow><keras><graph><neural-network><conv-neural-network>
https://stackoverflow.com/questions/38793718,<python><tensorflow>
https://stackoverflow.com/questions/45118918,<tensorflow><deep-learning><gpu><scalability>
https://stackoverflow.com/questions/52273118,<python><tensorflow><windows-10><nvidia><video-card>
https://stackoverflow.com/questions/52661518,<keras>
https://stackoverflow.com/questions/43667018,<python><tensorflow><google-cloud-ml-engine>
https://stackoverflow.com/questions/51344018,<tensorflow><parallel-processing><gpu><matrix-multiplication><pytorch>
https://stackoverflow.com/questions/55305018,<python><pytorch><horovod>
https://stackoverflow.com/questions/45989971,<python><tensorflow><google-cloud-ml-engine>
https://stackoverflow.com/questions/46584171,<keras><keras-layer>
https://stackoverflow.com/questions/41685279,<tensorflow><distributed-computing>
https://stackoverflow.com/questions/47170879,<python><tensorflow><sharding><partition>
https://stackoverflow.com/questions/62715079,<python><keras><regression><conv-neural-network><multivalue>
https://stackoverflow.com/questions/50029027,<python><tensorflow><keras>
https://stackoverflow.com/questions/55264427,<python><tensorflow><keras><gpu>
https://stackoverflow.com/questions/55531427,<python><tensorflow><machine-learning><keras><gpu>
https://stackoverflow.com/questions/37729746,<tensorflow><distributed><deep-learning>
https://stackoverflow.com/questions/50657546,<tensorflow><machine-learning><neural-network><nlp><text-to-speech>
https://stackoverflow.com/questions/53137546,<tensorflow>
https://stackoverflow.com/questions/38447585,<tensorflow><tensorboard>
https://stackoverflow.com/questions/58367385,<pytorch>
https://stackoverflow.com/questions/60329785,<tensorflow>
https://stackoverflow.com/questions/35592867,<machine-learning><tensorflow><smartphone>
https://stackoverflow.com/questions/64606267,<angular><typescript><tensorflow><web-worker><tsconfig>
https://stackoverflow.com/questions/65924667,<tensorflow><deep-learning><training-data><vgg-net><model-fitting>
https://stackoverflow.com/questions/66509067,<python><tensorflow><keras><conv-neural-network>
https://stackoverflow.com/questions/68361267,<python><c++><multithreading><pytorch><libtorch>
https://stackoverflow.com/questions/61326144,<python><keras><pyspark><pipeline><elephas>
https://stackoverflow.com/questions/63972944,<tensorflow><keras><tensorflow2.0><metrics>
https://stackoverflow.com/questions/65831101,<python><machine-learning><deep-learning><pytorch><pytorch-lightning>
https://stackoverflow.com/questions/65845501,<python><pytorch>
https://stackoverflow.com/questions/67011901,<python><tensorflow><keras><time-series><conv-neural-network>
https://stackoverflow.com/questions/66443220,<python><tensorflow><object-detection><object-detection-api>
https://stackoverflow.com/questions/68222820,<python><tensorflow><tensorflow1.15><horovod>
https://stackoverflow.com/questions/38922674,<machine-learning><neural-network><tensorflow><deep-learning><keras>
https://stackoverflow.com/questions/43942274,<python><tensorflow>
https://stackoverflow.com/questions/55727074,<python><tensorflow><keras><generator><sequence>
https://stackoverflow.com/questions/59250474,<python><tensorflow><gpu><tensorflow2.0>
https://stackoverflow.com/questions/48158460,<python><tensorflow>
https://stackoverflow.com/questions/50821660,<python><tensorflow><deep-learning><dataset><tensorflow-datasets>
https://stackoverflow.com/questions/61200660,<python><python-3.x><tensorflow><keras><jupyter-notebook>
https://stackoverflow.com/questions/62307460,<r><keras><deep-learning>
https://stackoverflow.com/questions/64185460,<python><tensorflow><cluster-computing><multi-gpu>
https://stackoverflow.com/questions/65777660,<deep-learning><pytorch><nvidia><distributed-computing><nvlink>
https://stackoverflow.com/questions/41830206,<tensorflow><tf-slim>
https://stackoverflow.com/questions/52932406,<python><tensorflow><keras><generator>
https://stackoverflow.com/questions/59905606,<tensorflow><random><tensorflow2.0>
https://stackoverflow.com/questions/66585606,<python><pytorch>
https://stackoverflow.com/questions/68283806,<python><pytorch>
https://stackoverflow.com/questions/33616593,<python><parallel-processing><deep-learning><tensorflow>
https://stackoverflow.com/questions/65197193,<tensorflow><keras><keras-layer>
https://stackoverflow.com/questions/65434193,<tensorflow><gpu><tensorflow-federated>
https://stackoverflow.com/questions/66059593,<tensorflow><gpu><distributed-computing><hpc><slurm>
https://stackoverflow.com/questions/69688593,<pytorch><torch><pytorch-lightning>
https://stackoverflow.com/questions/42843465,<python><scikit-learn><multiprocessing><pickle><keras>
https://stackoverflow.com/questions/52335065,<python><multithreading><tensorflow><parallel-processing><batch-processing>
https://stackoverflow.com/questions/55080465,<python><tensorflow><keras>
https://stackoverflow.com/questions/57326665,<python><keras><deep-learning><lstm>
https://stackoverflow.com/questions/46061430,<neural-network><keras><batch-processing><recurrent-neural-network><rnn>
https://stackoverflow.com/questions/65247830,<python><tensorflow><deep-learning><conv-neural-network>
https://stackoverflow.com/questions/66986830,<python><tensorflow><keras><image-classification><image-augmentation>
https://stackoverflow.com/questions/38097181,<python-2.7><machine-learning><tensorflow><tensorflow-serving>
https://stackoverflow.com/questions/49521581,<python><tensorflow><distributed-computing>
https://stackoverflow.com/questions/51737581,<c++><tensorflow><machine-learning><deep-learning><multi-gpu>
https://stackoverflow.com/questions/52454781,<python><tensorflow><random><choice>
https://stackoverflow.com/questions/65464181,<python><tensorflow><gpu><amazon-sagemaker><tpu>
https://stackoverflow.com/questions/34775522,<gpu><tensorflow>
https://stackoverflow.com/questions/55563322,<python-3.x><pip><jupyter-notebook><anaconda><pytorch>
https://stackoverflow.com/questions/58100322,<keras><deep-learning><lstm>
https://stackoverflow.com/questions/58170522,<python><tensorflow><keras><dask>
https://stackoverflow.com/questions/62155922,<python><numpy><pytorch><sparse-matrix>
https://stackoverflow.com/questions/63946122,<python><tensorflow><keras><multilabel-classification>
https://stackoverflow.com/questions/37732196,<tensorflow><deep-learning>
https://stackoverflow.com/questions/49737396,<tensorflow><machine-learning><nan><google-cloud-ml>
https://stackoverflow.com/questions/50066396,<python><class><tensorflow><keras>
https://stackoverflow.com/questions/54539396,<python><tensorflow><keras>
https://stackoverflow.com/questions/54650596,<python><tensorflow><keras>
https://stackoverflow.com/questions/56846196,<tensorflow><image-processing><optimization><keras><conv-neural-network>
https://stackoverflow.com/questions/39841675,<tensorflow><tensorflow-serving>
https://stackoverflow.com/questions/41220475,<tensorflow><distributed-computing><lsf>
https://stackoverflow.com/questions/49759075,<tensorflow><deep-learning>
https://stackoverflow.com/questions/51546075,<tensorflow><keras><conv-neural-network>
https://stackoverflow.com/questions/52228475,<r><tensorflow><parallel-processing><scope><keras>
https://stackoverflow.com/questions/65059475,<tensorflow><keras><tensorflow2.0><tensorflow-datasets><distributed-training>
https://stackoverflow.com/questions/39395198,<tensorflow>
https://stackoverflow.com/questions/42529598,<tensorflow><tensorflow-serving>
https://stackoverflow.com/questions/47568998,<python><multithreading><tensorflow><keras>
https://stackoverflow.com/questions/49838198,<docker><tensorflow><docker-compose>
https://stackoverflow.com/questions/57323598,<tensorflow><tensorflow-federated>
https://stackoverflow.com/questions/61441798,<python><tensorflow><keras><tensorflow2.0><ctc>
https://stackoverflow.com/questions/65104398,<python-3.x><tensorflow><keras>
https://stackoverflow.com/questions/66320198,<python><tensorflow><keras>
https://stackoverflow.com/questions/42504864,<tensorflow>
https://stackoverflow.com/questions/43727664,<python><tensorflow>
https://stackoverflow.com/questions/46615264,<tensorflow><tensorflow-gpu><google-cloud-ml><google-cloud-ml-engine>
https://stackoverflow.com/questions/37754828,<optimization><gpu><tensorflow><multi-gpu>
https://stackoverflow.com/questions/47580828,<tensorflow>
https://stackoverflow.com/questions/48885028,<tensorflow><distributed>
https://stackoverflow.com/questions/56996028,<python><tensorflow><google-cloud-platform><google-cloud-dataflow><apache-beam>
